timestamp_utc,event_type,duration_sec,description
2026-03-04 03:32:49.993097509+00:00,GUST,62.9,AWS boost +3.7kn
2026-03-04 03:40:03.309194115+00:00,SENSOR_OFFLINE,170.4,6 points nulled
2026-03-04 03:47:25.118614042+00:00,SHORT_GAP,3.9,0 points nulled
2026-03-04 03:53:57+00:00,SPIKE,0.0,AWS 10.6 -> 82.7kn
2026-03-04 04:05:07.704544337+00:00,SHORT_GAP,8.5,0 points nulled
2026-03-04 04:06:46+00:00,SPIKE,0.0,AWS 10.3 -> 84.9kn
2026-03-04 04:08:22.746517955+00:00,SHORT_GAP,5.1,1 points nulled
2026-03-04 04:12:44.885669105+00:00,SHORT_GAP,5.1,0 points nulled
2026-03-04 04:18:38.744419078+00:00,GUST,83.7,AWS boost +7.7kn
2026-03-04 04:19:21+00:00,SPIKE,0.0,AWS 18.4 -> 154.4kn
2026-03-04 04:21:50.984301714+00:00,SHORT_GAP,6.1,0 points nulled
2026-03-04 04:24:37.800173846+00:00,SENSOR_OFFLINE,258.9,2 points nulled
2026-03-04 04:26:34.463330583+00:00,SHORT_GAP,4.9,0 points nulled
2026-03-04 04:30:04.255668046+00:00,SHORT_GAP,7.5,0 points nulled
2026-03-04 04:35:04.835885310+00:00,SHORT_GAP,6.5,0 points nulled
2026-03-04 04:47:38.805062796+00:00,SHORT_GAP,4.7,0 points nulled
2026-03-04 04:52:04.531216031+00:00,SHORT_GAP,8.5,0 points nulled
2026-03-04 05:00:06.194446436+00:00,SENSOR_OFFLINE,44.6,0 points nulled
2026-03-04 05:04:48.366388570+00:00,SHORT_GAP,6.8,0 points nulled
2026-03-04 05:13:20.387686859+00:00,GUST,84.3,AWS boost +4.4kn
2026-03-04 05:16:52.244269770+00:00,SHORT_GAP,6.8,0 points nulled
2026-03-04 05:26:15.952436996+00:00,SHORT_GAP,5.9,0 points nulled
2026-03-04 05:49:14.672894092+00:00,SHORT_GAP,6.2,0 points nulled
2026-03-04 05:50:34.967351890+00:00,SHORT_GAP,3.5,0 points nulled
2026-03-04 05:52:36.439616738+00:00,SHORT_GAP,8.3,0 points nulled
2026-03-04 06:04:25.149131235+00:00,GUST,53.4,AWS boost +4.1kn
2026-03-04 06:11:22.599249926+00:00,SHORT_GAP,3.3,0 points nulled
2026-03-04 06:19:59.801676440+00:00,SHORT_GAP,9.5,0 points nulled
2026-03-04 06:25:51+00:00,SPIKE,0.0,AWS 7.8 -> 47.7kn
2026-03-04 06:32:36.130031654+00:00,SENSOR_OFFLINE,254.5,5 points nulled
2026-03-04 07:12:33.909163420+00:00,GUST,69.4,AWS boost +7.0kn
2026-03-04 07:21:13.676194773+00:00,GUST,107.9,AWS boost +5.6kn
2026-03-04 07:37:04.543134667+00:00,SHORT_GAP,6.3,0 points nulled
2026-03-04 07:41:19.366750010+00:00,SHORT_GAP,5.9,0 points nulled
2026-03-04 07:43:38+00:00,SPIKE,0.0,AWS 15.5 -> 89.8kn
2026-03-04 07:46:06+00:00,SPIKE,0.0,AWS 17.3 -> 170.4kn
2026-03-04 08:30:05.604850329+00:00,GUST,30.7,AWS boost +7.6kn
2026-03-04 08:30:13.863039116+00:00,GUST,83.6,AWS boost +3.1kn
2026-03-04 08:36:45.934427751+00:00,GUST,60.0,AWS boost +3.1kn
2026-03-04 08:41:18.779547870+00:00,SHORT_GAP,4.4,1 points nulled
2026-03-04 08:43:54.578343662+00:00,SHORT_GAP,10.0,0 points nulled
2026-03-04 08:44:20.089670997+00:00,SHORT_GAP,4.7,0 points nulled
2026-03-04 08:48:20.183850957+00:00,SHORT_GAP,4.3,0 points nulled
2026-03-04 08:48:58.216323009+00:00,SHORT_GAP,3.0,0 points nulled
2026-03-04 08:53:54.490038404+00:00,SHORT_GAP,3.3,1 points nulled
2026-03-04 09:08:08.527725339+00:00,SHORT_GAP,8.2,0 points nulled
2026-03-04 09:09:41.415917875+00:00,SENSOR_OFFLINE,180.2,7 points nulled
2026-03-04 09:10:38.655786447+00:00,SHORT_GAP,8.8,1 points nulled
2026-03-04 09:15:57.966877019+00:00,SHORT_GAP,4.0,0 points nulled
2026-03-04 09:18:42+00:00,SPIKE,0.0,AWS 23.5 -> 166.9kn
2026-03-04 09:37:18.229019348+00:00,GUST,36.2,AWS boost +6.0kn
2026-03-04 09:47:37.435237892+00:00,SHORT_GAP,3.2,0 points nulled
2026-03-04 09:48:24.034123465+00:00,GUST,72.3,AWS boost +6.8kn
2026-03-04 10:04:11.421937638+00:00,SHORT_GAP,7.9,0 points nulled
2026-03-04 10:06:55.228230451+00:00,GUST,43.2,AWS boost +5.5kn
2026-03-04 10:12:22.769767957+00:00,SHORT_GAP,5.5,0 points nulled
2026-03-04 10:21:51.932513754+00:00,SHORT_GAP,8.2,1 points nulled
2026-03-04 10:42:51+00:00,SPIKE,0.0,AWS 23.3 -> 219.4kn
2026-03-04 10:59:08+00:00,SPIKE,0.0,AWS 26.1 -> 195.9kn
2026-03-04 11:09:08.284875649+00:00,SHORT_GAP,5.5,0 points nulled
2026-03-04 11:12:39.013176105+00:00,SHORT_GAP,4.6,0 points nulled
2026-03-04 11:15:29+00:00,SPIKE,0.0,AWS 24.6 -> 178.6kn
2026-03-04 11:28:10.223267989+00:00,GUST,66.4,AWS boost +7.0kn
2026-03-04 11:34:58.665382612+00:00,SHORT_GAP,7.8,1 points nulled
2026-03-04 11:40:27.614321107+00:00,SHORT_GAP,8.0,0 points nulled
2026-03-04 11:49:17+00:00,SPIKE,0.0,AWS 28.3 -> 267.1kn
2026-03-04 11:55:51.323880086+00:00,GUST,105.8,AWS boost +8.0kn
2026-03-04 12:14:25+00:00,SPIKE,0.0,AWS 27.1 -> 154.4kn
2026-03-04 12:37:30.416118721+00:00,GUST,66.4,AWS boost +3.2kn
2026-03-04 12:53:04.726615458+00:00,GUST,62.4,AWS boost +3.3kn
2026-03-04 12:59:21.789748793+00:00,SHORT_GAP,3.8,0 points nulled
2026-03-04 13:14:34.902993712+00:00,GUST,75.2,AWS boost +6.9kn
2026-03-04 13:22:56.792387839+00:00,SHORT_GAP,7.6,1 points nulled
2026-03-04 13:23:35+00:00,SPIKE,0.0,AWS 29.5 -> 250.7kn
2026-03-04 13:28:33.685282546+00:00,SHORT_GAP,7.4,1 points nulled
2026-03-04 13:38:35.028996698+00:00,GUST,73.8,AWS boost +4.2kn
2026-03-04 13:43:31.645275703+00:00,GUST,34.1,AWS boost +5.7kn
2026-03-04 14:06:42.476435746+00:00,GUST,39.3,AWS boost +6.1kn
2026-03-04 14:18:11.420149284+00:00,SHORT_GAP,6.8,0 points nulled
2026-03-04 14:24:59.298678722+00:00,SENSOR_OFFLINE,228.9,8 points nulled
2026-03-04 14:28:45.735888627+00:00,SHORT_GAP,9.6,1 points nulled
2026-03-04 14:32:19.649932799+00:00,SHORT_GAP,6.0,1 points nulled
2026-03-04 14:33:42.721367099+00:00,SHORT_GAP,8.8,0 points nulled
2026-03-04 14:40:51.725936478+00:00,SENSOR_OFFLINE,200.2,12 points nulled
2026-03-04 14:51:04.779156931+00:00,SHORT_GAP,3.5,1 points nulled
2026-03-04 14:52:00+00:00,SPIKE,0.0,AWS 24.6 -> 189.4kn
2026-03-04 14:58:37.097918173+00:00,SHORT_GAP,7.5,0 points nulled
2026-03-04 15:18:02.116955742+00:00,SHORT_GAP,6.6,0 points nulled
2026-03-04 15:23:30.294243083+00:00,GUST,81.9,AWS boost +7.6kn
2026-03-04 15:29:04.584718156+00:00,SHORT_GAP,8.5,0 points nulled
2026-03-04 15:45:46.084076155+00:00,SENSOR_OFFLINE,235.1,4 points nulled
2026-03-04 15:50:08.805326505+00:00,GUST,96.1,AWS boost +5.7kn
2026-03-04 15:54:26.962840629+00:00,GUST,97.9,AWS boost +6.4kn
2026-03-04 15:58:51+00:00,SPIKE,0.0,AWS 26.7 -> 136.6kn
2026-03-04 16:02:28.163257844+00:00,SHORT_GAP,9.9,0 points nulled
2026-03-04 16:09:45+00:00,SPIKE,0.0,AWS 27.5 -> 253.0kn
2026-03-04 16:21:54+00:00,SPIKE,0.0,AWS 26.7 -> 223.2kn
2026-03-04 16:25:43.990584067+00:00,SHORT_GAP,9.8,0 points nulled
2026-03-04 16:47:04.497563641+00:00,SHORT_GAP,4.3,0 points nulled
2026-03-04 16:57:17.589706331+00:00,SHORT_GAP,4.5,0 points nulled
2026-03-04 17:15:48.661559189+00:00,SHORT_GAP,7.4,0 points nulled
2026-03-04 17:25:56.053859089+00:00,SHORT_GAP,8.6,0 points nulled
2026-03-04 17:29:11.969079491+00:00,SHORT_GAP,9.1,0 points nulled
2026-03-04 17:32:27.609069911+00:00,SHORT_GAP,6.6,0 points nulled
2026-03-04 17:34:54.987460435+00:00,GUST,54.1,AWS boost +4.4kn
2026-03-04 17:37:52+00:00,SPIKE,0.0,AWS 25.5 -> 197.7kn
2026-03-04 17:41:52.841087885+00:00,GUST,105.4,AWS boost +3.3kn
2026-03-04 17:47:45.192562935+00:00,SHORT_GAP,4.4,0 points nulled
2026-03-04 17:55:53.599860617+00:00,SHORT_GAP,9.2,0 points nulled
2026-03-04 18:22:26.268432947+00:00,SHORT_GAP,7.8,0 points nulled
2026-03-04 18:28:52.167539925+00:00,SHORT_GAP,8.3,0 points nulled
2026-03-04 18:38:52.882561704+00:00,GUST,68.1,AWS boost +6.3kn
2026-03-04 18:49:13.348098461+00:00,GUST,94.8,AWS boost +7.1kn
2026-03-04 18:49:30.747693910+00:00,SHORT_GAP,4.9,0 points nulled
2026-03-04 19:05:16.138440360+00:00,SENSOR_OFFLINE,99.1,4 points nulled
2026-03-04 19:22:11.874788071+00:00,SHORT_GAP,9.1,0 points nulled
2026-03-04 19:24:31.575268591+00:00,GUST,57.9,AWS boost +7.8kn
2026-03-04 19:28:50.609262256+00:00,SENSOR_OFFLINE,230.7,4 points nulled
2026-03-04 19:32:36.612361168+00:00,SHORT_GAP,6.9,0 points nulled
2026-03-04 19:36:05.927390514+00:00,GUST,108.4,AWS boost +3.3kn
2026-03-04 19:53:50.037424052+00:00,SHORT_GAP,8.9,0 points nulled
2026-03-04 19:56:31.153338720+00:00,SHORT_GAP,9.6,1 points nulled
2026-03-04 20:02:38.029886763+00:00,GUST,60.3,AWS boost +4.1kn
2026-03-04 20:28:00.053547515+00:00,SENSOR_OFFLINE,92.8,1 points nulled
2026-03-04 20:45:26.424627209+00:00,SHORT_GAP,6.6,2 points nulled
2026-03-04 21:16:49.576379677+00:00,SHORT_GAP,7.9,1 points nulled
2026-03-04 21:20:53+00:00,SPIKE,0.0,AWS 16.2 -> 53.0kn
2026-03-04 21:25:37+00:00,SPIKE,0.0,AWS 18.9 -> 130.3kn
2026-03-04 21:29:10.514935303+00:00,SHORT_GAP,8.7,0 points nulled
2026-03-04 21:33:00+00:00,SPIKE,0.0,AWS 14.7 -> 89.5kn
2026-03-04 21:37:47.937802315+00:00,GUST,82.4,AWS boost +5.1kn
2026-03-04 21:55:54.088493837+00:00,SHORT_GAP,5.2,0 points nulled
2026-03-04 21:59:47.440050759+00:00,GUST,46.1,AWS boost +6.3kn
2026-03-04 22:08:49.300061958+00:00,SHORT_GAP,3.3,0 points nulled
2026-03-04 22:26:26.638110913+00:00,SHORT_GAP,9.7,0 points nulled
2026-03-04 22:35:04.042748508+00:00,SHORT_GAP,9.4,0 points nulled
2026-03-04 23:29:21.927786762+00:00,SHORT_GAP,7.9,0 points nulled
2026-03-04 23:32:24.877915366+00:00,SHORT_GAP,10.0,0 points nulled
2026-03-04 23:35:51.047506607+00:00,GUST,66.1,AWS boost +5.4kn
2026-03-04 23:43:14.680035002+00:00,SHORT_GAP,6.6,0 points nulled
2026-03-04 23:49:39.030426328+00:00,SHORT_GAP,5.3,0 points nulled
2026-03-05 00:00:39.048802170+00:00,GUST,70.2,AWS boost +5.1kn
2026-03-05 00:17:19.559889428+00:00,GUST,83.0,AWS boost +8.0kn
2026-03-05 00:18:29.292762138+00:00,GUST,78.4,AWS boost +3.9kn
2026-03-05 00:26:32.647797433+00:00,SHORT_GAP,7.4,0 points nulled
2026-03-05 00:48:51.280118516+00:00,SHORT_GAP,9.8,1 points nulled
2026-03-05 00:52:55.710098661+00:00,SHORT_GAP,5.1,1 points nulled
2026-03-05 00:54:46.940696214+00:00,SENSOR_OFFLINE,153.0,3 points nulled
2026-03-05 01:01:00+00:00,SPIKE,0.0,AWS 28.3 -> 132.3kn
2026-03-05 01:03:23.228041298+00:00,GUST,96.8,AWS boost +5.5kn
2026-03-05 01:13:32.113716758+00:00,SENSOR_OFFLINE,172.8,3 points nulled
2026-03-05 01:23:57.949035641+00:00,GUST,119.7,AWS boost +7.8kn
2026-03-05 01:38:22.164438861+00:00,SHORT_GAP,7.4,0 points nulled
2026-03-05 01:56:17.359302555+00:00,SHORT_GAP,9.6,0 points nulled
2026-03-05 02:10:23.610185515+00:00,SHORT_GAP,4.1,0 points nulled
2026-03-05 02:24:27.686493898+00:00,SHORT_GAP,5.3,0 points nulled
2026-03-05 02:30:42.419086855+00:00,GUST,46.8,AWS boost +5.0kn
2026-03-05 02:39:09.898658130+00:00,SHORT_GAP,6.2,0 points nulled
2026-03-05 02:41:52.879267730+00:00,GUST,94.1,AWS boost +3.8kn
2026-03-05 02:44:35.442158857+00:00,SENSOR_OFFLINE,126.8,10 points nulled
2026-03-05 02:53:42+00:00,SPIKE,0.0,AWS 27.2 -> 87.5kn
2026-03-05 02:58:32.483425519+00:00,GUST,60.5,AWS boost +6.8kn
2026-03-05 03:06:37.760069838+00:00,SHORT_GAP,6.1,1 points nulled
2026-03-05 03:15:26+00:00,SPIKE,0.0,AWS 20.5 -> 104.9kn
2026-03-05 03:17:47.016040092+00:00,SHORT_GAP,9.5,0 points nulled
2026-03-05 03:28:14.937584982+00:00,SHORT_GAP,6.2,0 points nulled
2026-03-05 03:48:01.344632226+00:00,GUST,66.6,AWS boost +7.5kn
2026-03-05 03:56:53.973598899+00:00,SENSOR_OFFLINE,122.9,4 points nulled
2026-03-05 04:08:51.106599422+00:00,SHORT_GAP,9.0,0 points nulled
2026-03-05 04:12:03.343101448+00:00,GUST,61.0,AWS boost +6.8kn
2026-03-05 04:13:45.526750781+00:00,GUST,78.0,AWS boost +5.3kn
2026-03-05 04:22:18.532317337+00:00,SHORT_GAP,8.0,1 points nulled
2026-03-05 04:23:25+00:00,SPIKE,0.0,AWS 24.4 -> 97.1kn
2026-03-05 04:23:25.122213052+00:00,SENSOR_OFFLINE,177.9,9 points nulled
2026-03-05 04:53:58.327142208+00:00,GUST,106.1,AWS boost +3.4kn
2026-03-05 04:55:32+00:00,SPIKE,0.0,AWS 26.9 -> 106.8kn
2026-03-05 04:58:28.794138337+00:00,SENSOR_OFFLINE,66.5,3 points nulled
2026-03-05 05:21:34+00:00,SPIKE,0.0,AWS 19.4 -> 133.5kn
2026-03-05 05:25:26.999637588+00:00,GUST,34.6,AWS boost +3.6kn
2026-03-05 05:29:18.309637758+00:00,SHORT_GAP,5.2,0 points nulled
2026-03-05 05:31:39.701981230+00:00,SHORT_GAP,6.5,1 points nulled
2026-03-05 05:39:08+00:00,SPIKE,0.0,AWS 18.3 -> 78.8kn
2026-03-05 06:07:00.550156210+00:00,GUST,51.2,AWS boost +7.7kn
2026-03-05 06:07:50.223048379+00:00,SHORT_GAP,6.3,0 points nulled
2026-03-05 06:19:35+00:00,SPIKE,0.0,AWS 18.7 -> 162.7kn
2026-03-05 06:34:05.694292402+00:00,GUST,70.8,AWS boost +6.6kn
2026-03-05 06:40:27.332464135+00:00,GUST,91.7,AWS boost +6.0kn
2026-03-05 06:57:32.113451653+00:00,SHORT_GAP,3.7,0 points nulled
2026-03-05 06:59:14+00:00,SPIKE,0.0,AWS 21.0 -> 96.6kn
2026-03-05 07:02:32.184431199+00:00,SHORT_GAP,9.5,0 points nulled
2026-03-05 07:10:17.748117320+00:00,GUST,107.4,AWS boost +5.6kn
2026-03-05 07:27:02.621470371+00:00,GUST,55.3,AWS boost +6.3kn
2026-03-05 07:34:01.947185027+00:00,SHORT_GAP,7.2,1 points nulled
2026-03-05 07:59:44+00:00,SPIKE,0.0,AWS 17.2 -> 123.4kn
2026-03-05 08:02:01.456711874+00:00,GUST,69.8,AWS boost +5.6kn
2026-03-05 08:12:21.369689655+00:00,SENSOR_OFFLINE,258.0,16 points nulled
2026-03-05 08:21:18.939387869+00:00,SHORT_GAP,3.1,0 points nulled
2026-03-05 08:24:59.334220686+00:00,GUST,117.4,AWS boost +4.8kn
2026-03-05 08:37:55+00:00,SPIKE,0.0,AWS 18.1 -> 108.5kn
2026-03-05 08:41:54.237160454+00:00,SHORT_GAP,3.7,0 points nulled
2026-03-05 08:43:36+00:00,SPIKE,0.0,AWS 21.9 -> 159.8kn
2026-03-05 08:55:53.664975938+00:00,GUST,40.8,AWS boost +4.5kn
2026-03-05 08:58:53.516048180+00:00,SHORT_GAP,8.8,0 points nulled
2026-03-05 08:59:39.367947207+00:00,SHORT_GAP,8.8,0 points nulled
2026-03-05 09:04:41+00:00,SPIKE,0.0,AWS 20.9 -> 203.8kn
2026-03-05 09:07:59.732450247+00:00,SHORT_GAP,8.8,0 points nulled
2026-03-05 09:08:54.880165183+00:00,GUST,83.5,AWS boost +4.4kn
2026-03-05 09:12:44+00:00,SPIKE,0.0,AWS 20.5 -> 182.8kn
2026-03-05 09:16:16+00:00,SPIKE,0.0,AWS 18.4 -> 106.2kn
2026-03-05 09:23:39.595611022+00:00,GUST,74.5,AWS boost +7.8kn
2026-03-05 09:33:24.244941455+00:00,SENSOR_OFFLINE,46.9,5 points nulled
2026-03-05 09:41:32.541861155+00:00,GUST,72.2,AWS boost +7.2kn
2026-03-05 09:45:58.051399562+00:00,GUST,99.6,AWS boost +5.0kn
2026-03-05 09:48:24.889504945+00:00,GUST,58.1,AWS boost +7.6kn
2026-03-05 09:54:42.881045263+00:00,SHORT_GAP,6.5,0 points nulled
2026-03-05 10:08:07.449885472+00:00,SHORT_GAP,6.0,0 points nulled
2026-03-05 10:10:39+00:00,SPIKE,0.0,AWS 24.4 -> 130.5kn
2026-03-05 10:44:59+00:00,SPIKE,0.0,AWS 17.5 -> 115.0kn
2026-03-05 10:48:48+00:00,SPIKE,0.0,AWS 21.7 -> 91.7kn
2026-03-05 11:12:20.687074726+00:00,SHORT_GAP,8.4,0 points nulled
2026-03-05 11:22:36+00:00,SPIKE,0.0,AWS 24.2 -> 160.0kn
2026-03-05 11:31:03.373963254+00:00,GUST,74.0,AWS boost +3.3kn
2026-03-05 11:47:17+00:00,SPIKE,0.0,AWS 24.9 -> 91.0kn
2026-03-05 11:47:57.220567144+00:00,SHORT_GAP,9.4,0 points nulled
2026-03-05 11:54:34+00:00,SPIKE,0.0,AWS 24.4 -> 173.8kn
2026-03-05 12:29:09+00:00,SPIKE,0.0,AWS 20.0 -> 153.4kn
2026-03-05 12:40:28.546762044+00:00,GUST,77.8,AWS boost +7.5kn
2026-03-05 12:56:46.996019799+00:00,GUST,109.7,AWS boost +4.7kn
2026-03-05 13:32:28+00:00,SPIKE,0.0,AWS 24.6 -> 96.1kn
2026-03-05 13:58:58.191072638+00:00,GUST,109.4,AWS boost +6.4kn
2026-03-05 14:00:25.855052824+00:00,SHORT_GAP,7.0,0 points nulled
2026-03-05 14:05:26.371834936+00:00,GUST,105.8,AWS boost +4.7kn
2026-03-05 14:06:36.460578497+00:00,GUST,48.9,AWS boost +7.6kn
2026-03-05 14:14:24.212632637+00:00,SHORT_GAP,9.4,1 points nulled
2026-03-05 14:18:07.010140600+00:00,SHORT_GAP,5.0,0 points nulled
2026-03-05 14:19:50.263073681+00:00,GUST,110.6,AWS boost +5.8kn
2026-03-05 14:22:44+00:00,SPIKE,0.0,AWS 26.5 -> 181.0kn
2026-03-05 14:23:47+00:00,SPIKE,0.0,AWS 25.7 -> 102.9kn
2026-03-05 15:05:57.918586735+00:00,SHORT_GAP,8.5,1 points nulled
2026-03-05 15:10:09.092780670+00:00,GUST,34.0,AWS boost +5.8kn
2026-03-05 15:13:40.961507207+00:00,SHORT_GAP,7.4,0 points nulled
2026-03-05 15:27:32.108696926+00:00,GUST,68.4,AWS boost +6.6kn
2026-03-05 15:58:10.771267610+00:00,SHORT_GAP,7.9,1 points nulled
2026-03-05 16:02:12+00:00,SPIKE,0.0,AWS 28.9 -> 117.6kn
2026-03-05 16:03:18+00:00,SPIKE,0.0,AWS 28.8 -> 265.0kn
2026-03-05 16:18:36.709973587+00:00,GUST,94.7,AWS boost +7.1kn
2026-03-05 16:23:47.421793400+00:00,GUST,109.6,AWS boost +6.0kn
2026-03-05 16:26:27+00:00,SPIKE,0.0,AWS 28.0 -> 141.8kn
2026-03-05 16:33:00.850925265+00:00,GUST,111.5,AWS boost +6.2kn
2026-03-05 16:36:13.779288722+00:00,SHORT_GAP,9.2,0 points nulled
2026-03-05 16:46:26.386960350+00:00,SHORT_GAP,8.8,0 points nulled
2026-03-05 16:49:32.303696969+00:00,SHORT_GAP,9.8,0 points nulled
2026-03-05 16:52:27.882410563+00:00,GUST,72.5,AWS boost +5.2kn
2026-03-05 17:03:22.166423584+00:00,SHORT_GAP,9.5,0 points nulled
2026-03-05 17:10:11.569438848+00:00,GUST,58.5,AWS boost +7.2kn
2026-03-05 17:17:06+00:00,SPIKE,0.0,AWS 26.0 -> 203.3kn
2026-03-05 17:18:59.231075714+00:00,GUST,89.4,AWS boost +5.8kn
2026-03-05 18:06:31.518201273+00:00,SHORT_GAP,4.1,1 points nulled
2026-03-05 18:22:26.056204341+00:00,GUST,110.1,AWS boost +3.0kn
2026-03-05 18:47:37.706588172+00:00,SENSOR_OFFLINE,291.6,12 points nulled
2026-03-05 18:55:32.966439228+00:00,GUST,50.2,AWS boost +4.3kn
2026-03-05 18:55:45.000939043+00:00,SENSOR_OFFLINE,81.6,2 points nulled
2026-03-05 19:06:41.128402929+00:00,SHORT_GAP,6.9,0 points nulled
2026-03-05 19:07:10.326480157+00:00,SHORT_GAP,9.4,0 points nulled
2026-03-05 19:08:06.419018675+00:00,GUST,107.5,AWS boost +5.5kn
2026-03-05 19:17:11.967944801+00:00,SHORT_GAP,6.5,1 points nulled
2026-03-05 19:19:18.105971167+00:00,SHORT_GAP,4.7,0 points nulled
2026-03-05 19:44:52.892657364+00:00,GUST,54.7,AWS boost +5.6kn
2026-03-05 19:53:33.190085462+00:00,GUST,59.9,AWS boost +7.7kn
2026-03-05 20:01:29.118417961+00:00,SHORT_GAP,7.7,0 points nulled
2026-03-05 20:17:16.779831701+00:00,SHORT_GAP,9.7,1 points nulled
2026-03-05 20:19:49.818547638+00:00,SHORT_GAP,9.6,0 points nulled
2026-03-05 20:20:19.912835463+00:00,GUST,53.0,AWS boost +5.2kn
2026-03-05 20:22:44.215026072+00:00,SHORT_GAP,8.9,0 points nulled
2026-03-05 20:27:09+00:00,SPIKE,0.0,AWS 26.0 -> 208.9kn
2026-03-05 20:46:25.545668494+00:00,SENSOR_OFFLINE,82.2,5 points nulled
2026-03-05 21:05:07.760427639+00:00,SHORT_GAP,8.7,0 points nulled
2026-03-05 21:08:19+00:00,SPIKE,0.0,AWS 18.1 -> 111.6kn
2026-03-05 21:21:10.635365189+00:00,SENSOR_OFFLINE,179.0,7 points nulled
2026-03-05 22:02:39.756857147+00:00,SHORT_GAP,3.9,0 points nulled
2026-03-05 22:03:42.300894890+00:00,SHORT_GAP,7.2,0 points nulled
2026-03-05 22:19:56.375330322+00:00,SHORT_GAP,9.9,1 points nulled
2026-03-05 22:27:35.693631204+00:00,SHORT_GAP,7.5,0 points nulled
2026-03-05 22:38:52.813412562+00:00,SHORT_GAP,7.9,1 points nulled
2026-03-05 22:43:52.069163010+00:00,SHORT_GAP,3.5,0 points nulled
2026-03-05 22:45:27.680153502+00:00,SHORT_GAP,7.4,1 points nulled
2026-03-05 22:45:45.950773781+00:00,GUST,33.4,AWS boost +7.4kn
2026-03-05 22:46:33.715991793+00:00,SHORT_GAP,4.5,0 points nulled
2026-03-05 22:52:26.568997473+00:00,SENSOR_OFFLINE,111.7,7 points nulled
2026-03-05 22:53:22.436161833+00:00,GUST,84.6,AWS boost +4.0kn
2026-03-05 22:54:10.899275603+00:00,SHORT_GAP,9.6,0 points nulled
2026-03-05 23:05:08.307653776+00:00,SHORT_GAP,4.8,0 points nulled
2026-03-05 23:13:17.818787748+00:00,SHORT_GAP,7.6,0 points nulled
2026-03-05 23:29:14.375962846+00:00,SHORT_GAP,9.0,0 points nulled
2026-03-05 23:33:21.083224756+00:00,SHORT_GAP,4.5,0 points nulled
2026-03-05 23:34:10+00:00,SPIKE,0.0,AWS 21.6 -> 131.6kn
2026-03-06 00:37:09.930139004+00:00,GUST,84.9,AWS boost +4.5kn
2026-03-06 00:37:53.165889440+00:00,GUST,100.5,AWS boost +6.4kn
2026-03-06 00:43:23.346580465+00:00,SENSOR_OFFLINE,195.5,6 points nulled
2026-03-06 00:44:46.203539673+00:00,GUST,33.7,AWS boost +7.8kn
2026-03-06 00:47:44.413498400+00:00,SHORT_GAP,3.9,0 points nulled
2026-03-06 01:01:14.716114578+00:00,SHORT_GAP,7.8,0 points nulled
2026-03-06 01:04:00.250750850+00:00,SHORT_GAP,4.2,0 points nulled
2026-03-06 01:20:25.088737490+00:00,GUST,57.2,AWS boost +7.8kn
2026-03-06 01:26:28.027800935+00:00,GUST,88.0,AWS boost +4.9kn
2026-03-06 01:37:41.106164713+00:00,GUST,43.2,AWS boost +5.7kn
2026-03-06 01:39:02+00:00,SPIKE,0.0,AWS 21.4 -> 179.4kn
2026-03-06 01:47:40+00:00,SPIKE,0.0,AWS 22.5 -> 90.8kn
2026-03-06 01:50:24.734222851+00:00,SHORT_GAP,5.9,0 points nulled
2026-03-06 01:58:58+00:00,SPIKE,0.0,AWS 22.0 -> 80.0kn
2026-03-06 02:02:36.256374681+00:00,SHORT_GAP,8.3,0 points nulled
2026-03-06 02:05:30.182745848+00:00,SHORT_GAP,6.6,0 points nulled
2026-03-06 02:21:00.186904633+00:00,SENSOR_OFFLINE,179.1,5 points nulled
2026-03-06 02:44:48.584141978+00:00,SHORT_GAP,7.8,1 points nulled
2026-03-06 02:50:20.944104022+00:00,SENSOR_OFFLINE,87.1,3 points nulled
2026-03-06 02:53:35.812139069+00:00,SENSOR_OFFLINE,254.0,9 points nulled
2026-03-06 02:58:35.691611938+00:00,SHORT_GAP,8.7,0 points nulled
2026-03-06 03:19:33.520888017+00:00,GUST,46.7,AWS boost +4.0kn
2026-03-06 03:19:50+00:00,SPIKE,0.0,AWS 15.0 -> 128.2kn
2026-03-06 03:27:49.287305024+00:00,SHORT_GAP,6.1,0 points nulled
2026-03-06 03:28:56.706927317+00:00,SHORT_GAP,7.9,0 points nulled
2026-03-06 03:41:01.217687326+00:00,GUST,90.8,AWS boost +6.1kn
2026-03-06 03:51:29.751175119+00:00,SHORT_GAP,6.0,1 points nulled
2026-03-06 03:55:06+00:00,SPIKE,0.0,AWS 12.7 -> 48.9kn
2026-03-06 04:01:04.400543045+00:00,SHORT_GAP,3.4,0 points nulled
2026-03-06 04:06:41+00:00,SPIKE,0.0,AWS 11.9 -> 74.9kn
2026-03-06 04:18:47.732755296+00:00,SENSOR_OFFLINE,215.2,7 points nulled
2026-03-06 04:33:47.908462673+00:00,SENSOR_OFFLINE,165.3,10 points nulled
2026-03-06 04:43:59+00:00,SPIKE,0.0,AWS 14.9 -> 51.7kn
2026-03-06 04:49:35.262227612+00:00,SHORT_GAP,8.1,0 points nulled
2026-03-06 04:51:54.376152863+00:00,SHORT_GAP,7.7,0 points nulled
2026-03-06 05:10:21.196633669+00:00,GUST,49.6,AWS boost +6.4kn
2026-03-06 05:15:29.386197831+00:00,SHORT_GAP,4.2,0 points nulled
2026-03-06 05:45:11.357808434+00:00,SHORT_GAP,4.8,0 points nulled
2026-03-06 05:55:26.083933082+00:00,GUST,60.6,AWS boost +4.8kn
2026-03-06 05:57:35.991938789+00:00,SHORT_GAP,4.6,0 points nulled
2026-03-06 05:59:05.985359468+00:00,SENSOR_OFFLINE,283.2,10 points nulled
2026-03-06 05:59:35.858142144+00:00,GUST,37.7,AWS boost +3.9kn
2026-03-06 06:08:37.165405192+00:00,GUST,39.1,AWS boost +3.7kn
2026-03-06 06:15:43.046045205+00:00,SHORT_GAP,3.9,0 points nulled
2026-03-06 06:23:21.719046854+00:00,SHORT_GAP,5.8,0 points nulled
2026-03-06 06:35:51.240558347+00:00,GUST,73.1,AWS boost +4.5kn
2026-03-06 06:36:34.835199899+00:00,SHORT_GAP,5.2,0 points nulled
2026-03-06 06:38:06+00:00,SPIKE,0.0,AWS 16.2 -> 145.6kn
2026-03-06 06:46:37.801814941+00:00,SHORT_GAP,4.8,0 points nulled
2026-03-06 07:06:58.056759333+00:00,SHORT_GAP,4.7,0 points nulled
2026-03-06 07:09:27+00:00,SPIKE,0.0,AWS 12.3 -> 113.2kn
2026-03-06 07:17:09.859529816+00:00,SHORT_GAP,3.6,0 points nulled
2026-03-06 07:22:24.562750778+00:00,SHORT_GAP,10.0,0 points nulled
2026-03-06 07:27:56.388698358+00:00,GUST,48.8,AWS boost +5.0kn
2026-03-06 07:29:18.002265353+00:00,GUST,31.5,AWS boost +3.7kn
2026-03-06 07:38:41.458743959+00:00,SHORT_GAP,5.9,1 points nulled
2026-03-06 07:41:51+00:00,SPIKE,0.0,AWS 12.8 -> 78.7kn
2026-03-06 08:01:32+00:00,SPIKE,0.0,AWS 11.1 -> 85.4kn
2026-03-06 08:09:44+00:00,SPIKE,0.0,AWS 15.0 -> 133.1kn
2026-03-06 08:11:57.174209183+00:00,SHORT_GAP,9.0,0 points nulled
2026-03-06 08:12:21+00:00,SPIKE,0.0,AWS 15.1 -> 45.4kn
2026-03-06 08:14:05.859485929+00:00,SHORT_GAP,7.2,0 points nulled
2026-03-06 08:15:37+00:00,SPIKE,0.0,AWS 17.5 -> 125.2kn
2026-03-06 08:17:45.096376972+00:00,SHORT_GAP,9.8,1 points nulled
2026-03-06 08:20:33.031346806+00:00,SHORT_GAP,6.7,0 points nulled
2026-03-06 08:35:12+00:00,SPIKE,0.0,AWS 20.0 -> 138.3kn
2026-03-06 08:38:53.734461800+00:00,SHORT_GAP,3.1,0 points nulled
2026-03-06 08:49:47.290879106+00:00,SHORT_GAP,6.9,1 points nulled
2026-03-06 08:53:17+00:00,SPIKE,0.0,AWS 19.7 -> 127.1kn
2026-03-06 08:55:10.131185749+00:00,GUST,100.4,AWS boost +7.7kn
2026-03-06 08:58:54.254682774+00:00,SHORT_GAP,4.2,0 points nulled
2026-03-06 09:03:13.896787316+00:00,GUST,116.5,AWS boost +5.0kn
2026-03-06 09:15:49.536198308+00:00,SHORT_GAP,3.3,0 points nulled
2026-03-06 10:13:10.036311217+00:00,SHORT_GAP,9.6,0 points nulled
2026-03-06 10:43:27.957034668+00:00,SENSOR_OFFLINE,204.5,7 points nulled
2026-03-06 10:58:30+00:00,SPIKE,0.0,AWS 20.0 -> 108.9kn
2026-03-06 11:02:31.779044700+00:00,GUST,87.7,AWS boost +3.3kn
2026-03-06 11:08:17.616363973+00:00,SHORT_GAP,9.0,0 points nulled
2026-03-06 11:10:54.416831086+00:00,SENSOR_OFFLINE,52.6,1 points nulled
2026-03-06 11:16:29.478049995+00:00,SHORT_GAP,8.7,0 points nulled
2026-03-06 11:19:23.395746527+00:00,SHORT_GAP,9.7,1 points nulled
2026-03-06 11:24:31.144100359+00:00,SENSOR_OFFLINE,92.7,3 points nulled
2026-03-06 11:35:23.846841688+00:00,GUST,118.3,AWS boost +6.9kn
2026-03-06 11:38:26.482362204+00:00,SHORT_GAP,8.1,0 points nulled
2026-03-06 11:48:50+00:00,SPIKE,0.0,AWS 20.8 -> 122.5kn
2026-03-06 11:49:17.670672080+00:00,SHORT_GAP,5.7,1 points nulled
2026-03-06 12:30:56.769800879+00:00,SHORT_GAP,9.4,0 points nulled
2026-03-06 12:34:30.185073346+00:00,GUST,41.9,AWS boost +6.8kn
2026-03-06 12:41:10+00:00,SPIKE,0.0,AWS 21.5 -> 181.6kn
2026-03-06 12:49:38.485120905+00:00,SENSOR_OFFLINE,212.1,3 points nulled
2026-03-06 12:51:20.528199376+00:00,SHORT_GAP,9.8,1 points nulled
2026-03-06 13:02:21.021627334+00:00,GUST,100.9,AWS boost +3.2kn
2026-03-06 13:28:20.126473857+00:00,GUST,85.4,AWS boost +4.6kn
2026-03-06 13:40:49.521240834+00:00,GUST,50.7,AWS boost +7.9kn
2026-03-06 14:08:51.969276215+00:00,SHORT_GAP,5.1,0 points nulled
2026-03-06 14:18:32.855185858+00:00,SHORT_GAP,4.5,0 points nulled
2026-03-06 14:20:49.743522536+00:00,GUST,84.9,AWS boost +5.9kn
2026-03-06 14:36:25.257360820+00:00,SHORT_GAP,8.8,1 points nulled
2026-03-06 14:40:12.300867644+00:00,SHORT_GAP,3.7,0 points nulled
2026-03-06 14:44:43.057272869+00:00,SHORT_GAP,8.1,0 points nulled
2026-03-06 14:46:17.667991733+00:00,SHORT_GAP,3.8,1 points nulled
2026-03-06 14:58:10.706455634+00:00,SHORT_GAP,5.0,0 points nulled
2026-03-06 15:12:22.240187255+00:00,SHORT_GAP,4.0,0 points nulled
2026-03-06 15:32:04.257913740+00:00,SHORT_GAP,7.3,0 points nulled
2026-03-06 15:36:30+00:00,SPIKE,0.0,AWS 21.0 -> 105.5kn
2026-03-06 15:52:26.332273933+00:00,SHORT_GAP,8.7,0 points nulled
2026-03-06 15:53:16.864515415+00:00,GUST,70.6,AWS boost +5.8kn
2026-03-06 16:09:02.947348384+00:00,SHORT_GAP,5.8,1 points nulled
2026-03-06 16:12:12.991218132+00:00,GUST,41.2,AWS boost +7.9kn
2026-03-06 16:23:50.547433429+00:00,GUST,87.4,AWS boost +3.7kn
2026-03-06 17:00:05.626212655+00:00,GUST,88.1,AWS boost +4.8kn
2026-03-06 17:18:55.344634644+00:00,GUST,44.9,AWS boost +3.3kn
2026-03-06 17:37:34.680056497+00:00,SENSOR_OFFLINE,254.9,4 points nulled
2026-03-06 17:45:39.384290199+00:00,SHORT_GAP,3.4,0 points nulled
2026-03-06 17:46:38.832444443+00:00,SENSOR_OFFLINE,48.4,1 points nulled
2026-03-06 17:57:46.727211628+00:00,GUST,82.8,AWS boost +4.9kn
2026-03-06 18:04:16.292360420+00:00,SHORT_GAP,4.5,0 points nulled
2026-03-06 18:06:11.650003474+00:00,GUST,84.0,AWS boost +3.7kn
2026-03-06 18:08:52.839655819+00:00,GUST,118.4,AWS boost +6.5kn
2026-03-06 18:11:46.801054419+00:00,SHORT_GAP,5.1,0 points nulled
2026-03-06 18:15:09.295999840+00:00,SHORT_GAP,5.4,0 points nulled
2026-03-06 18:24:47.184703433+00:00,GUST,109.2,AWS boost +5.3kn
2026-03-06 19:06:02.193290518+00:00,GUST,73.5,AWS boost +7.2kn
2026-03-06 19:32:30+00:00,SPIKE,0.0,AWS 5.5 -> 23.1kn
2026-03-06 19:48:25.118738171+00:00,GUST,83.9,AWS boost +6.8kn
2026-03-06 19:50:10.076555949+00:00,GUST,38.4,AWS boost +4.7kn
2026-03-06 19:59:57.216856609+00:00,SHORT_GAP,6.3,0 points nulled
2026-03-06 20:07:17.684979237+00:00,SHORT_GAP,5.1,0 points nulled
2026-03-06 20:10:40.380032027+00:00,GUST,97.7,AWS boost +4.2kn
2026-03-06 20:21:55.495873335+00:00,SENSOR_OFFLINE,180.6,3 points nulled
2026-03-06 20:22:00.903595393+00:00,SENSOR_OFFLINE,297.1,5 points nulled
2026-03-06 20:30:29.983437206+00:00,SHORT_GAP,5.8,1 points nulled
2026-03-06 20:47:12.120500042+00:00,GUST,110.7,AWS boost +7.4kn
2026-03-06 20:49:19.351525237+00:00,GUST,78.3,AWS boost +8.0kn
2026-03-06 21:17:49.124396120+00:00,SHORT_GAP,5.8,0 points nulled
2026-03-06 21:34:47.835731446+00:00,GUST,73.4,AWS boost +3.7kn
2026-03-06 22:13:28.342806713+00:00,SHORT_GAP,5.0,1 points nulled
2026-03-06 22:27:37.296747240+00:00,SENSOR_OFFLINE,168.2,3 points nulled
2026-03-06 22:38:56.812609851+00:00,SENSOR_OFFLINE,139.2,3 points nulled
2026-03-06 22:42:13.585341225+00:00,GUST,112.7,AWS boost +5.8kn
2026-03-06 22:48:41.888835260+00:00,GUST,88.3,AWS boost +5.4kn
2026-03-06 22:56:46.234655720+00:00,SHORT_GAP,5.1,0 points nulled
2026-03-06 23:07:25.952538341+00:00,SHORT_GAP,8.2,0 points nulled
2026-03-06 23:12:31+00:00,SPIKE,0.0,AWS 4.6 -> 19.9kn
2026-03-06 23:34:05.692703373+00:00,SHORT_GAP,4.7,0 points nulled
2026-03-06 23:34:27+00:00,SPIKE,0.0,AWS 5.3 -> 48.8kn
2026-03-06 23:36:53.064571990+00:00,GUST,64.3,AWS boost +5.6kn
2026-03-06 23:51:15.237333947+00:00,GUST,107.4,AWS boost +7.8kn
2026-03-06 23:57:28.040956131+00:00,SENSOR_OFFLINE,75.6,1 points nulled
2026-03-07 00:04:13.683486495+00:00,SHORT_GAP,5.3,0 points nulled
2026-03-07 00:20:33.717855843+00:00,SHORT_GAP,7.8,0 points nulled
2026-03-07 00:31:43.700557787+00:00,GUST,115.4,AWS boost +7.7kn
2026-03-07 00:43:34.420568273+00:00,SHORT_GAP,5.2,0 points nulled
2026-03-07 00:46:14+00:00,SPIKE,0.0,AWS 4.2 -> 22.3kn
2026-03-07 00:52:12.403279821+00:00,SHORT_GAP,8.5,0 points nulled
2026-03-07 00:59:17.103853376+00:00,GUST,110.5,AWS boost +3.3kn
2026-03-07 01:14:20.766348942+00:00,GUST,103.0,AWS boost +4.1kn
2026-03-07 01:28:25.212100202+00:00,GUST,103.4,AWS boost +6.4kn
2026-03-07 01:28:56.680429523+00:00,SHORT_GAP,5.4,0 points nulled
2026-03-07 01:33:04.264341961+00:00,SHORT_GAP,5.2,0 points nulled
2026-03-07 01:52:07.893612073+00:00,SHORT_GAP,9.6,0 points nulled
2026-03-07 02:13:39.879333510+00:00,SHORT_GAP,6.2,0 points nulled
2026-03-07 02:27:00.367661329+00:00,GUST,88.0,AWS boost +7.9kn
2026-03-07 02:59:07.236844438+00:00,GUST,92.0,AWS boost +5.0kn
2026-03-07 03:04:16+00:00,SPIKE,0.0,AWS 9.2 -> 51.4kn
2026-03-07 03:04:28.112341173+00:00,SENSOR_OFFLINE,218.4,3 points nulled
2026-03-07 03:21:17.854402369+00:00,GUST,74.7,AWS boost +4.5kn
2026-03-07 03:28:30.989192521+00:00,SHORT_GAP,7.9,0 points nulled
2026-03-07 03:28:39.225950706+00:00,GUST,106.6,AWS boost +4.6kn
2026-03-07 04:02:56.210861699+00:00,GUST,69.4,AWS boost +5.4kn
2026-03-07 04:03:07+00:00,SPIKE,0.0,AWS 8.8 -> 44.7kn
2026-03-07 04:06:55.217992549+00:00,SHORT_GAP,3.9,0 points nulled
2026-03-07 04:08:51.472608817+00:00,GUST,40.7,AWS boost +4.3kn
2026-03-07 04:13:58.726031046+00:00,GUST,86.4,AWS boost +7.4kn
2026-03-07 04:28:57.666510168+00:00,SHORT_GAP,9.3,1 points nulled
2026-03-07 04:31:28.815348524+00:00,GUST,75.2,AWS boost +7.8kn
2026-03-07 04:34:55.001633662+00:00,GUST,114.3,AWS boost +5.5kn
2026-03-07 04:47:17.764329976+00:00,SHORT_GAP,8.6,0 points nulled
2026-03-07 05:07:07.960227458+00:00,SHORT_GAP,8.2,0 points nulled
2026-03-07 05:14:40.866852702+00:00,GUST,88.7,AWS boost +6.0kn
2026-03-07 05:19:31+00:00,SPIKE,0.0,AWS 2.5 -> 7.9kn
2026-03-07 05:30:54.988972306+00:00,SENSOR_OFFLINE,256.4,5 points nulled
2026-03-07 05:39:04.507686118+00:00,SHORT_GAP,9.1,2 points nulled
